url,label,ml_confidence,ai_confidence,combined_confidence,timestamp
https://delivery.unstop.buzz/RPSJFOHY?id=194419=Ik0HCQgNVVUBHw9TWAwAAA1VBg4ABQIHC11XB1MPAgFYCQcNVQFYXAxXAwMFVFADAF1KXARXVgIAAVRXAwsOUAMED1kJCwNRCVQGBQcHUgUCV1AOUAdQVwMBBQIEDQ4HBwUDWQQKBwZdVwQKUAwIAwNQUEUABg0BBA4PXV0KBFtSAAUNBkUJEEwTRQhOGlVVWAxAXENIG0NdS0ILFRZUFxtLGGphaisidytvDQhRTUYH&fl=CUVDSEIDTktVDFNtVkZFXBoERlAcAQYYXldTCgJZUQdPUlhVHk9QS10OV1sNVl1ZVw4=&ext=cT1qZ3VxM3VWdTdHNFdDcDhESThickZoUUJoSUNKOHlCbkRxRERkMS4xSkNBODlCVWJhUS1zMWk0SC5jZUFlZVFGeldRVDBxN2NpeVF2dFhIRGtueE8wMGh1VENZNWVRRGJFY0NNQ3h0V0E3cW9kajRXdHY1STJXd2dQejF0VkR6eFZLU28xR2x5SU1NdWZpblAxemMzUUZFQXEwaVRwYjB2SDQuQ3BWS1FhME5USjlmck5WdnJGSTZwZkZNZVVibnVRUS1RS2QxZDhoU2VaZU56NHhPX2ZrN3VvZlllU0UzVXVGZ3Z5ZWh2ekh3cllJZC5uRVZJLkVaVnZxdjhIQXpMVmlnOUxYVUhJYWZTdy00MEtLYjlEazl1Y0VJUFNGNnVqWG1CTW5ULm9VRWk1Slo0aW5FRlFDbWdrbml6UmRBTGJlZXh3QmkxdUM5cXozM3BBRlZveWMuX1d1LVV1VkxkOG1qai5ib3Y1WERaZk9XOGZMVF9JMFphSXdSSlhsNjJCbW1pOEUwLUxjT2RDN291WTl0QTdWQjlRU0gxY3VEN3doRWxiQlFpOTdEUjlPRmI3c2ROUUwxSG5zMVRHYUl6eVJPVm5aeGlOV1RQeUNrZ192UzFLZDZUQndXMzRVT0Zsc3VqVHNqVzNvOW1DX2theVpfcTExS3oueGNlMDRWMm1TY1hSNXpEM043ZVlpV1Q3djZ5dV93T19CbUR5MGQ0YjRRYW40UlVkSFpSX0ozRDZmSnJmeGU2ejlTZjFJRzh5VGoxYzVUdG9zbk1PQmh6dEsyTFZJRDdQZ2NWclhNMnR1TzU1eTdoZUw3ZVYwYjJiTXFRNjFkdFJISm5Wc3BaR2ZLcHZCSldEeFJCeEhfUXdvakZKYUFuNlpiTVlWVlh0U2I2QXpzc0tNSUIwaGs=,1,96.22,95.0,99.0,2026-09-03T10:14:24.326546
https://delivery.unstop.buzz/RPSJFOHY?id=194419=Ik0HCQgNVVUBHw9TWAwAAA1VBg4ABQIHC11XB1MPAgFYCQcNVQFYXAxXAwMFVFADAF1KXARXVgIAAVRXAwsOUAMED1kJCwNRCVQGBQcHUgUCV1AOUAdQVwMBBQIEDQ4HBwUDWQQKBwZdVwQKUAwIAwNQUEUABg0BBA4PXV0KBFtSAAUNBkUJEEwTRQhOGlVVWAxAXENIG0NdS0ILFRZUFxtLGGphaisidytvDQhRTUYH&fl=CUVDSEIDTktVDFNtVkZFXBoERlAcAQYYXldTCgJZUQdPUlhVHk9QS10OV1sNVl1ZVw4=&ext=cT1qZ3VxM3VWdTdHNFdDcDhESThickZoUUJoSUNKOHlCbkRxRERkMS4xSkNBODlCVWJhUS1zMWk0SC5jZUFlZVFGeldRVDBxN2NpeVF2dFhIRGtueE8wMGh1VENZNWVRRGJFY0NNQ3h0V0E3cW9kajRXdHY1STJXd2dQejF0VkR6eFZLU28xR2x5SU1NdWZpblAxemMzUUZFQXEwaVRwYjB2SDQuQ3BWS1FhME5USjlmck5WdnJGSTZwZkZNZVVibnVRUS1RS2QxZDhoU2VaZU56NHhPX2ZrN3VvZlllU0UzVXVGZ3Z5ZWh2ekh3cllJZC5uRVZJLkVaVnZxdjhIQXpMVmlnOUxYVUhJYWZTdy00MEtLYjlEazl1Y0VJUFNGNnVqWG1CTW5ULm9VRWk1Slo0aW5FRlFDbWdrbml6UmRBTGJlZXh3QmkxdUM5cXozM3BBRlZveWMuX1d1LVV1VkxkOG1qai5ib3Y1WERaZk9XOGZMVF9JMFphSXdSSlhsNjJCbW1pOEUwLUxjT2RDN291WTl0QTdWQjlRU0gxY3VEN3doRWxiQlFpOTdEUjlPRmI3c2ROUUwxSG5zMVRHYUl6eVJPVm5aeGlOV1RQeUNrZ192UzFLZDZUQndXMzRVT0Zsc3VqVHNqVzNvOW1DX2theVpfcTExS3oueGNlMDRWMm1TY1hSNXpEM043ZVlpV1Q3djZ5dV93T19CbUR5MGQ0YjRRYW40UlVkSFpSX0ozRDZmSnJmeGU2ejlTZjFJRzh5VGoxYzVUdG9zbk1PQmh6dEsyTFZJRDdQZ2NWclhNMnR1TzU1eTdoZUw3ZVYwYjJiTXFRNjFkdFJISm5Wc3BaR2ZLcHZCSldEeFJCeEhfUXdvakZKYUFuNlpiTVlWVlh0U2I2QXpzc0tNSUIwaGs=,1,96.22,95.0,99.0,2026-09-03T10:14:46.231892
http://microsoft-account-verify-secure.tk/login,1,92.57,100.0,99.0,2026-09-03T10:16:56.179591
http://microsoft-account-verify-secure.tk/login,1,92.57,100.0,99.0,2026-09-06T20:19:15.858814
https://www.sbiashascholarship.co.in/privacy-policy,1,97.53,90.0,98.76,2026-09-12T17:41:54.383656
https://www.sbiashascholarship.co.in/auth,1,97.65,90.0,98.82,2026-09-12T17:41:59.853929
https://www.sbiashascholarship.co.in/auth,1,97.65,95.0,99.0,2026-09-12T17:42:00.057880
https://www.sbiashascholarship.co.in/auth,1,97.65,95.0,99.0,2026-09-12T17:42:02.086374
https://www.sbiashascholarship.co.in/auth,1,97.65,95.0,99.0,2026-09-12T17:42:03.918756
https://www.sbiashascholarship.co.in/auth?mode=signup,1,97.18,90.0,98.59,2026-09-12T17:42:38.842616
https://www.sbiashascholarship.co.in/auth?mode=signup,1,97.18,90.0,98.59,2026-09-12T17:42:40.670425
https://www.sbiashascholarship.co.in/auth?mode=signup,1,97.18,90.0,98.59,2026-09-12T17:42:45.255454
